app_id,y_pred_proba
29627,0.0003012247596554278
846128,0.00032718984550902323
24585,0.00036194688539135017
57428,0.00040263839476038256
698581,0.0004029664246828256
