app_id,y_pred_proba
796039,0.5894385098885824
957986,0.5915433012427872
344404,0.592761447629401
552862,0.6150393205021015
636985,0.6527709652494058
